primitive	backend_variant	steps	relation	normalization_rows	activation_rows	proof_bytes	serialized_bytes	prove_ms	verify_ms	verified	note
phase12_shared_lookup_bundle	shared_bundle_lookup_reuse	1	Phase12-style combined normalization+activation shared bundle	1:256	-1:0	5016	55592	32	9	true	one verifier-bound bundle combines a shared normalization artifact, a shared activation lookup proof, and one static table registry commitment
phase12_shared_lookup_bundle	independent_lookup_pairs	1	independent normalization+activation lookup proofs	1:256	-1:0	5016	53124	18	3	true	each step proves its normalization row and activation row independently against the canonical tables
phase12_shared_lookup_bundle	independent_selector_arithmetic_pairs	1	independent normalization+activation arithmetic proofs	1:256	-1:0	3504	10515	9	2	true	each step reproves its normalization row and activation row without shared lookup reuse
phase12_shared_lookup_bundle	shared_bundle_lookup_reuse	2	Phase12-style combined normalization+activation shared bundle	1:256,2:181	-1:0,0:1	5016	55809	21	9	true	one verifier-bound bundle combines a shared normalization artifact, a shared activation lookup proof, and one static table registry commitment
phase12_shared_lookup_bundle	independent_lookup_pairs	2	independent normalization+activation lookup proofs	1:256,2:181	-1:0,0:1	9776	103649	31	4	true	each step proves its normalization row and activation row independently against the canonical tables
phase12_shared_lookup_bundle	independent_selector_arithmetic_pairs	2	independent normalization+activation arithmetic proofs	1:256,2:181	-1:0,0:1	6720	20196	18	4	true	each step reproves its normalization row and activation row without shared lookup reuse
phase12_shared_lookup_bundle	shared_bundle_lookup_reuse	3	Phase12-style combined normalization+activation shared bundle	1:256,2:181,4:128	-1:0,0:1,1:1	4968	55294	16	8	true	one verifier-bound bundle combines a shared normalization artifact, a shared activation lookup proof, and one static table registry commitment
phase12_shared_lookup_bundle	independent_lookup_pairs	3	independent normalization+activation lookup proofs	1:256,2:181,4:128	-1:0,0:1,1:1	14824	157087	39	6	true	each step proves its normalization row and activation row independently against the canonical tables
phase12_shared_lookup_bundle	independent_selector_arithmetic_pairs	3	independent normalization+activation arithmetic proofs	1:256,2:181,4:128	-1:0,0:1,1:1	10064	30226	34	6	true	each step reproves its normalization row and activation row without shared lookup reuse
